house_id,city,sale_date,months_listed,bedrooms,house_type,area,sale_price
1000000,Teasdale,2023-01-05,11.1,2.0,Semi-detached,62.3,198704.71
1000001,Teasdale,2023-01-05,6.2,2.0,Det.,83.7,210186.36
1000002,Riverford,2023-01-05,9.3,2.0,Terraced,95.1,234078.55
1000003,Poppleton,2023-01-05,7.5,4.0,Semi,245.3,
1000004,--,2023-01-05,8.5,5.0,nan,111.6,299903.66
1000005,Poppleton,2023-01-05,9.6,1.0,Det.,272.3,391180.18
1000006,Teasdale,2023-01-05,4.7,6.0,Semi-detached,,367796.99
1000007,Riverford,2023-01-05,11.7,,Semi-detached,168.6,315950.89
1000008,Riverford,2023-01-05,7.8,2.0,nan,232.0,365699.43
1000009,Silvertown,2023-01-05,7.9,1.0,Terr.,199.0,329498.17
1000010,Riverford,,10.6,4.0,Terraced,188.8,376703.52
1000011,Poppleton,2023-01-05,3.5,1.0,Semi-detached,155.3,270760.43
1000012,Poppleton,2023-01-05,4.6,2.0,Detached,294.0,438723.77
1000013,Silvertown,2023-01-05,3.1,3.0,Semi,75.0,249171.24
1000014,Riverford,2023-01-05,3.1,6.0,Det.,131.9,363139.77
1000015,Poppleton,2023-01-05,8.4,5.0,Terr.,144.7,338464.8
1000016,Silvertown,2023-01-05,7.6,6.0,nan,,376271.1
1000017,Riverford,2023-01-05,3.1,3.0,Semi,,318751.21
1000018,Poppleton,2023-01-05,9.7,5.0,Terraced,193.1,381739.37
1000019,Riverford,2023-01-05,8.6,5.0,Terr.,124.7,327804.42
1000020,Silvertown,2023-01-05,8.5,3.0,Det.,112.6,275823.83
1000021,Riverford,2023-01-05,7.1,3.0,Det.,,323342.5
1000022,Poppleton,2023-01-05,6.1,6.0,nan,299.7,522049.58
1000023,Riverford,,2.3,2.0,Detached,118.5,260747.6
1000024,Silvertown,2023-01-05,4.2,5.0,nan,265.4,462697.54
1000025,Riverford,2023-01-05,7.6,3.0,Terraced,157.8,
1000026,Riverford,,4.7,,Terr.,131.7,301803.15
1000027,Riverford,2023-01-05,9.9,2.0,Terr.,90.5,220640.12
1000028,Teasdale,2023-01-05,5.3,3.0,Semi-detached,282.8,445599.63
1000029,Silvertown,2023-01-05,11.3,2.0,Detached,266.3,395149.11
1000030,Poppleton,2023-01-05,4.8,3.0,Detached,160.8,327506.38
1000031,Silvertown,2023-01-05,1.8,5.0,Terr.,57.3,259568.58
1000032,Riverford,2023-01-05,5.1,4.0,Terr.,288.2,472476.36
1000033,Silvertown,2023-01-05,5.3,6.0,Semi,291.2,513679.11
1000034,Riverford,2023-01-05,9.9,2.0,Semi,176.6,304592.77
1000035,Riverford,2023-01-05,6.4,,Semi,156.3,330320.15
1000036,Riverford,2023-01-05,7.1,4.0,Detached,245.6,433407.46
1000037,Silvertown,2023-01-05,6.6,6.0,Semi-detached,151.1,357936.12
1000038,Teasdale,2023-01-05,3.9,2.0,Det.,82.7,233512.64
1000039,Silvertown,2023-01-05,7.9,3.0,Semi,242.6,401967.91
1000040,Teasdale,2023-01-05,2.2,1.0,Semi-detached,122.3,252848.77
1000041,Poppleton,2023-01-05,4.4,2.0,nan,208.2,341811.96
1000042,Riverford,2023-01-05,2.4,4.0,Terraced,136.8,314183.96
1000043,Riverford,2023-01-05,11.9,2.0,Semi,52.3,201310.59
1000044,Riverford,2023-01-05,,3.0,nan,156.4,324732.38
1000045,Silvertown,,2.2,3.0,Det.,79.6,
1000046,Riverford,2023-01-05,2.4,1.0,Terraced,95.3,
1000047,Teasdale,2023-01-05,9.2,2.0,Terraced,163.0,305000.55
1000048,Riverford,2023-01-05,1.4,2.0,Det.,169.6,306045.04
1000049,Silvertown,2023-01-05,1.7,,Semi,127.7,
1000050,Poppleton,2023-01-05,11.7,5.0,Detached,129.0,320703.38
1000051,Riverford,2023-01-05,4.1,4.0,Det.,56.9,
1000052,Poppleton,,3.4,4.0,Det.,120.2,
1000053,Riverford,2023-01-05,9.3,1.0,Det.,73.1,204339.25
1000054,Riverford,2023-01-05,4.9,4.0,Terraced,262.9,451263.55
1000055,Silvertown,2023-01-05,1.3,1.0,Semi-detached,112.8,243713.23
1000056,Silvertown,2023-01-05,9.4,2.0,nan,209.9,346704.47
1000057,--,,11.6,3.0,Detached,51.5,217709.36
1000058,Silvertown,2023-01-05,7.0,1.0,Semi,184.2,299123.02
1000059,--,2023-01-05,,,Semi,197.2,362526.22
1000060,Riverford,,7.3,5.0,nan,170.3,355369.5
1000061,Silvertown,,11.7,6.0,Semi-detached,189.7,423825.57
1000062,Silvertown,2023-01-05,2.4,3.0,Det.,69.8,
1000063,Silvertown,2023-01-05,5.5,1.0,Detached,270.6,382152.03
1000064,Poppleton,2023-01-05,7.7,3.0,Semi,282.7,
1000065,Riverford,2023-01-05,11.1,4.0,nan,282.7,464276.51
1000066,Riverford,,1.0,6.0,Terr.,83.7,309572.89
1000067,Riverford,2023-01-05,5.8,5.0,nan,248.1,439738.62
1000068,Silvertown,2023-01-05,10.3,6.0,Semi,209.6,
1000069,Riverford,2023-01-05,3.6,2.0,Det.,86.8,228321.9
1000070,Silvertown,2023-01-05,5.5,3.0,Terr.,91.2,
1000071,Poppleton,2023-01-05,2.7,3.0,Semi-detached,112.8,284507.46
1000072,Riverford,2023-01-05,10.4,4.0,Detached,271.1,448321.87
1000073,Riverford,2023-01-05,1.3,5.0,Semi-detached,157.5,364725.85
1000074,Riverford,,3.3,2.0,Semi-detached,232.4,
1000075,Riverford,2023-01-05,5.8,4.0,nan,183.1,357400.82
1000076,--,2023-01-05,4.8,6.0,Detached,137.6,350553.69
1000077,Riverford,2023-01-05,,4.0,Detached,92.2,260433.44
1000078,Silvertown,2023-01-05,5.3,5.0,Semi,287.0,491898.57
1000079,Teasdale,2023-01-05,3.3,1.0,Semi,82.0,199470.56
1000080,Silvertown,,1.9,1.0,Detached,223.7,348943.92
1000081,Silvertown,2023-01-05,8.5,4.0,Terr.,131.1,319542.93
1000082,--,2023-01-05,5.4,4.0,Terraced,249.2,415040.61
1000083,Teasdale,2023-01-05,4.9,1.0,Semi,117.1,249148.2
1000084,--,2023-01-05,8.9,5.0,Terraced,,344413.78
1000085,Riverford,2023-01-05,5.2,5.0,nan,113.6,302826.05
1000086,Riverford,2023-01-05,11.6,3.0,Terr.,121.3,277742.87
1000087,Silvertown,2023-01-05,7.2,,Detached,234.9,381403.69
1000088,Silvertown,2023-01-05,1.7,6.0,Terr.,261.4,486014.56
1000089,Poppleton,2023-01-05,1.2,1.0,Semi,85.0,219168.37
1000090,Riverford,2023-01-05,5.0,2.0,Semi-detached,283.7,417281.39
1000091,Poppleton,2023-01-05,,2.0,nan,121.4,252049.71
1000092,Teasdale,2023-01-05,5.9,2.0,Detached,241.3,
1000093,Silvertown,2023-01-05,5.8,3.0,Det.,172.8,327356.11
1000094,Riverford,2023-01-05,4.0,2.0,nan,233.4,374496.85
1000095,Teasdale,2023-01-05,3.9,4.0,Terraced,162.7,338698.38
1000096,Silvertown,2023-01-05,3.4,5.0,Terr.,149.5,
1000097,Poppleton,2023-01-05,6.7,4.0,Detached,216.1,397872.54
1000098,Riverford,,3.2,,nan,219.6,377263.73
1000099,Silvertown,2023-01-05,,2.0,Terr.,92.4,230853.67
1000100,Riverford,2023-01-05,1.5,1.0,Detached,258.2,389364.22
1000101,--,2023-01-05,8.8,1.0,Semi,221.3,331084.49
1000102,Silvertown,2023-01-05,7.8,2.0,nan,274.4,415009.42
1000103,Poppleton,2023-01-05,3.8,2.0,Semi,53.2,201996.24
1000104,Silvertown,2023-01-05,3.8,6.0,nan,250.3,
1000105,Teasdale,2023-01-05,2.6,4.0,Semi,246.0,
1000106,Teasdale,2023-01-05,10.6,5.0,Terr.,256.7,458908.51
1000107,Riverford,2023-01-05,5.5,4.0,Det.,228.7,399832.34
1000108,Riverford,2023-01-05,1.7,2.0,nan,146.7,
1000109,Teasdale,2023-01-05,7.8,6.0,nan,294.7,
1000110,Riverford,2023-01-05,9.6,3.0,Semi,186.3,343548.74
1000111,Teasdale,2023-01-05,10.5,1.0,Detached,116.7,243721.9
1000112,Silvertown,2023-01-05,4.2,2.0,nan,132.8,284827.11
1000113,Poppleton,2023-01-05,5.7,3.0,Semi,126.4,282356.0
1000114,Teasdale,2023-01-05,1.2,,Semi-detached,,308126.19
1000115,Poppleton,2023-01-05,7.6,3.0,Semi,225.0,393277.17
1000116,Silvertown,2023-01-05,9.5,1.0,Terr.,76.0,191421.2
1000117,Riverford,2023-01-05,9.6,3.0,Det.,268.1,420573.7
1000118,Riverford,2023-01-05,9.6,2.0,Semi-detached,176.3,306506.82
1000119,Riverford,,5.1,6.0,Terr.,66.7,278018.28
1000120,Riverford,2023-01-05,6.9,1.0,Terr.,297.2,
1000121,Silvertown,2023-01-05,9.7,5.0,Terr.,113.6,325907.06
1000122,Teasdale,2023-01-05,2.9,2.0,Detached,139.9,281583.86
1000123,Riverford,2023-01-05,9.9,6.0,Terr.,63.4,283029.09
1000124,Silvertown,,10.8,6.0,Detached,254.9,466403.54
1000125,Teasdale,2023-01-05,2.8,2.0,Terr.,222.1,375622.84
1000126,Riverford,2023-01-05,10.3,2.0,Terraced,204.9,333711.67
1000127,Silvertown,,7.7,4.0,Semi-detached,246.1,413143.04
1000128,--,2023-01-05,9.6,5.0,Terraced,210.4,412845.83
1000129,Poppleton,2023-01-05,6.0,2.0,Terr.,277.6,432582.05
1000130,Riverford,2023-01-05,8.8,2.0,Semi-detached,130.1,257826.01
1000131,Silvertown,2023-01-05,7.7,4.0,Semi-detached,80.8,274528.36
1000132,Teasdale,2023-01-05,,5.0,nan,290.1,479072.08
1000133,Riverford,2023-01-05,2.5,4.0,Det.,113.9,
1000134,Riverford,2023-01-05,6.8,6.0,Terraced,146.5,364680.4
1000135,Riverford,2023-01-05,9.3,2.0,Det.,194.8,332207.61
1000136,Riverford,2023-01-05,9.0,2.0,Semi-detached,181.9,326716.62
1000137,Riverford,2023-01-05,6.1,5.0,Detached,271.2,478089.42
1000138,Riverford,2023-01-05,6.7,1.0,Semi-detached,199.7,329650.91
1000139,Teasdale,2023-01-05,7.4,2.0,Det.,296.3,440381.87
1000140,Poppleton,2023-01-05,5.5,3.0,Terraced,225.8,395545.21
1000141,Riverford,2023-01-05,11.3,3.0,Terr.,76.2,239868.96
1000142,Teasdale,2023-01-05,10.4,4.0,nan,220.3,413371.46
1000143,Poppleton,2023-01-05,1.4,1.0,nan,108.1,221011.29
1000144,Riverford,2023-01-05,11.9,6.0,nan,265.5,489694.56
1000145,Riverford,2023-01-05,2.3,6.0,Terr.,185.1,416271.92
1000146,Teasdale,2023-01-05,5.2,4.0,nan,227.6,416258.59
1000147,Riverford,2023-01-05,1.3,1.0,Terraced,83.1,192550.14
1000148,Poppleton,2023-01-05,9.3,6.0,Terr.,189.2,422134.02
1000149,Riverford,2023-01-05,9.5,4.0,nan,162.4,336899.74
1000150,--,2023-01-05,5.9,4.0,Terr.,109.6,
1000151,Silvertown,2023-01-05,9.3,2.0,Det.,87.7,236158.23
1000152,Silvertown,2023-01-05,9.7,1.0,Terraced,211.5,328326.09
1000153,Teasdale,2023-01-05,2.6,1.0,Semi,57.5,183878.35
1000154,Silvertown,2023-01-05,10.9,2.0,Detached,89.3,236041.21
1000155,Silvertown,2023-01-05,5.4,2.0,nan,102.5,234922.16
1000156,Riverford,2023-01-05,5.1,6.0,Detached,266.7,477328.79
1000157,Silvertown,2023-01-05,2.4,6.0,Terr.,227.9,461114.66
1000158,Silvertown,2023-01-05,3.7,4.0,Detached,103.0,270991.89
1000159,--,2023-01-05,8.0,6.0,Terraced,61.2,
1000160,Silvertown,2023-01-05,5.1,3.0,Terraced,96.3,244876.77
1000161,Teasdale,2023-01-05,11.0,4.0,Semi-detached,50.5,230905.38
1000162,Teasdale,2023-01-05,10.6,6.0,nan,180.5,395899.67
1000163,Poppleton,2023-01-05,4.2,5.0,Semi-detached,144.9,342377.86
1000164,Silvertown,2023-01-05,7.1,1.0,Detached,,273425.72
1000165,Poppleton,2023-01-05,,2.0,Semi,,301725.66
1000166,Riverford,2023-01-05,10.3,5.0,Semi-detached,199.2,397832.44
1000167,Teasdale,2023-01-05,4.6,5.0,Semi-detached,279.9,
1000168,Teasdale,2023-01-05,6.6,4.0,Terraced,228.7,402440.44
1000169,Poppleton,2023-01-05,,1.0,Semi,186.9,
1000170,Riverford,2023-01-05,9.2,5.0,Terr.,97.3,289066.06
1000171,Teasdale,2023-01-05,1.7,3.0,Detached,73.2,221307.07
1000172,Riverford,2023-01-05,7.9,5.0,Semi-detached,231.1,434617.52
1000173,Teasdale,2023-01-05,5.9,3.0,Semi,122.3,272646.08
1000174,--,2023-01-05,7.7,1.0,nan,111.0,242572.49
1000175,Silvertown,2023-01-05,4.6,2.0,Semi,197.4,337219.75
1000176,--,2023-01-05,9.8,1.0,Detached,246.5,355763.15
1000177,Silvertown,2023-01-05,10.7,1.0,Semi,245.8,362434.31
1000178,Silvertown,,5.8,6.0,Semi,187.6,399209.36
1000179,Silvertown,2023-01-05,8.3,6.0,Semi,128.7,338606.49
1000180,Riverford,2023-01-05,9.2,4.0,nan,295.6,469277.84
1000181,Teasdale,2023-01-05,12.0,5.0,Semi-detached,219.1,415370.41
1000182,Silvertown,2023-01-05,10.1,3.0,Detached,50.9,205515.08
1000183,Silvertown,2023-01-05,8.9,3.0,nan,298.6,461333.08
1000184,Poppleton,2023-01-05,8.0,3.0,Semi,237.9,408399.92
1000185,Poppleton,2023-01-05,9.4,3.0,Semi,50.9,201758.96
1000186,Poppleton,2023-01-05,7.8,5.0,Semi-detached,119.7,325470.68
1000187,Poppleton,2023-01-05,3.4,6.0,Detached,235.5,446570.7
1000188,Teasdale,2023-01-05,,1.0,Terraced,258.5,372561.26
1000189,Silvertown,2023-01-05,,4.0,nan,275.7,465705.42
1000190,Riverford,2023-01-05,5.6,5.0,Semi-detached,,360218.53
1000191,Teasdale,2023-01-05,9.8,1.0,Detached,274.2,397176.61
1000192,Silvertown,2023-01-05,5.7,4.0,nan,117.2,282552.31
1000193,Teasdale,2023-01-05,11.9,2.0,Semi,276.2,425333.18
1000194,Silvertown,2023-01-05,11.9,5.0,Detached,142.7,
1000195,Riverford,2023-01-05,1.4,4.0,Detached,227.2,412693.5
1000196,Riverford,2023-01-05,9.7,5.0,Terr.,273.0,478530.64
1000197,Teasdale,2023-01-05,11.1,6.0,Detached,296.7,
1000198,Riverford,2023-01-05,8.4,5.0,Terraced,,344396.65
1000199,Teasdale,2023-01-05,8.4,4.0,Detached,131.0,309445.85
1000200,Silvertown,2023-01-05,4.8,5.0,Terraced,254.5,460559.72
1000201,Silvertown,2023-01-05,5.1,6.0,Semi,117.2,335014.16
1000202,Poppleton,2023-01-05,11.5,4.0,Terraced,60.5,230298.75
1000203,Teasdale,2023-01-05,7.0,5.0,nan,141.8,349032.43
1000204,Silvertown,2023-01-05,9.2,5.0,Semi,98.7,291740.22
1000205,Poppleton,2023-01-05,4.6,5.0,Semi,100.6,300540.24
1000206,Silvertown,2023-01-05,8.5,4.0,Terraced,144.5,314614.89
1000207,Riverford,2023-01-05,6.7,6.0,Semi-detached,191.2,413217.16
1000208,Silvertown,2023-01-05,7.5,2.0,Det.,147.1,
1000209,Teasdale,2023-01-05,3.5,5.0,Detached,53.9,
1000210,Teasdale,2023-01-05,,6.0,Terr.,158.4,379682.11
1000211,Silvertown,2023-01-05,4.6,,Det.,274.4,437537.59
1000212,Poppleton,2023-01-05,6.5,3.0,Detached,168.1,
1000213,Riverford,2023-01-05,5.5,1.0,Detached,215.1,341853.83
1000214,Silvertown,2023-01-05,4.3,2.0,Semi,203.6,346375.87
1000215,Silvertown,2023-01-05,2.2,2.0,Detached,142.7,277377.41
1000216,Silvertown,2023-01-05,3.5,6.0,Terr.,95.2,328068.11
1000217,Silvertown,2023-01-05,10.7,1.0,Detached,69.4,175661.25
1000218,Riverford,,11.0,3.0,Terraced,144.3,298774.14
1000219,Poppleton,2023-01-05,8.7,4.0,Det.,109.2,291646.97
1000220,Riverford,2023-01-05,5.5,5.0,Terraced,,342330.91
1000221,Silvertown,2023-01-05,7.2,4.0,Terr.,157.9,347270.92
1000222,Silvertown,2023-01-05,3.7,1.0,Detached,297.1,407270.81
1000223,Silvertown,2023-01-05,11.4,2.0,nan,290.8,424699.77
1000224,Riverford,2023-01-05,9.5,5.0,Terr.,189.8,380196.56
1000225,Teasdale,2023-01-05,1.6,6.0,Semi,145.0,352279.93
1000226,Silvertown,2023-01-05,5.8,3.0,Terraced,69.7,233405.07
1000227,Teasdale,2023-01-05,11.8,2.0,Terraced,240.3,
1000228,Poppleton,2023-01-05,5.1,4.0,Semi-detached,192.9,368089.27
1000229,Riverford,2023-01-05,6.4,4.0,Detached,285.2,471915.54
1000230,Poppleton,2023-01-05,11.2,3.0,Semi,140.3,301449.29
1000231,Riverford,2023-01-05,3.4,5.0,nan,292.9,479208.28
1000232,Teasdale,2023-01-05,3.6,6.0,Terraced,171.7,402250.03
1000233,Riverford,2023-01-05,9.8,2.0,Terraced,72.6,223266.18
1000234,Riverford,2023-01-05,7.6,6.0,Semi,172.1,
1000235,Silvertown,2023-01-05,10.4,3.0,Terr.,96.2,246503.41
1000236,Riverford,2023-01-05,1.9,2.0,Terr.,185.5,338992.7
1000237,Silvertown,2023-01-05,2.7,2.0,Detached,211.2,338488.08
1000238,Riverford,2023-01-05,10.9,5.0,Semi-detached,73.0,273340.85
1000239,Silvertown,2023-01-05,9.7,3.0,Terraced,150.7,299079.58
1000240,Poppleton,2023-01-05,2.7,3.0,Semi-detached,116.6,266209.61
1000241,Teasdale,2023-01-05,6.2,6.0,Terr.,200.8,418314.69
1000242,Riverford,2023-01-05,,2.0,Terr.,178.1,315143.9
1000243,Silvertown,2023-01-05,10.3,3.0,Det.,63.3,211419.44
1000244,Poppleton,2023-01-05,11.1,4.0,nan,298.9,479825.15
1000245,Poppleton,2023-01-05,8.3,3.0,Detached,230.3,391417.01
1000246,Teasdale,2023-01-05,2.8,5.0,Det.,279.1,493764.65
1000247,Silvertown,2023-01-05,2.1,5.0,nan,188.4,398515.15
1000248,Riverford,2023-01-05,1.9,6.0,Det.,143.2,349477.41
1000249,Silvertown,2023-01-05,,5.0,Det.,61.3,263400.52
1000250,Silvertown,2023-01-05,,6.0,Detached,176.4,409373.14
1000251,Teasdale,2023-01-05,9.7,2.0,Detached,,290732.52
1000252,Teasdale,2023-01-05,10.1,5.0,Semi,81.6,276010.35
1000253,Riverford,,3.9,6.0,Semi-detached,174.2,401302.47
1000254,Poppleton,2023-01-05,10.2,3.0,Semi-detached,,307051.8
1000255,Riverford,2023-01-05,7.7,,Semi,284.5,441478.87
1000256,Riverford,2023-01-05,6.1,5.0,Semi,,357360.67
1000257,Riverford,2023-01-05,2.7,4.0,Terr.,104.9,291626.61
1000258,Poppleton,2023-01-05,6.7,5.0,nan,135.5,340255.12
1000259,Silvertown,2023-01-05,3.5,5.0,Det.,63.2,252427.28
1000260,Poppleton,2023-01-05,5.3,4.0,Semi,256.8,446059.9
1000261,Poppleton,2023-01-05,2.8,3.0,Terraced,266.1,416899.24
1000262,Silvertown,,6.0,2.0,Semi-detached,175.8,
1000263,Riverford,2023-01-05,4.4,,Semi,202.8,349164.16
1000264,Poppleton,2023-01-05,10.0,5.0,Terraced,271.4,463988.07
1000265,Riverford,2023-01-05,11.2,6.0,Terraced,64.6,298777.41
1000266,Poppleton,2023-01-05,10.3,5.0,Terraced,213.0,412567.93
1000267,Poppleton,2023-01-05,3.3,1.0,Terr.,179.2,310599.24
1000268,Riverford,2023-01-05,8.7,5.0,Terr.,115.5,321500.53
1000269,Riverford,2023-01-05,,1.0,Terraced,72.5,191631.78
1000270,Poppleton,2023-01-05,10.6,6.0,nan,68.1,277702.73
1000271,Teasdale,2023-01-05,12.0,2.0,Terr.,185.6,328243.83
1000272,Silvertown,2023-01-05,9.0,1.0,Det.,243.1,366488.99
1000273,Silvertown,2023-01-05,4.7,3.0,Terraced,,310805.38
1000274,Riverford,2023-01-05,3.6,3.0,Det.,246.6,407010.62
1000275,Poppleton,2023-01-05,5.5,3.0,Det.,210.4,377460.68
1000276,Poppleton,2023-01-05,8.4,3.0,Terraced,64.8,
1000277,Teasdale,,9.0,2.0,Semi-detached,143.0,280959.73
1000278,Silvertown,2023-01-05,8.8,6.0,nan,,377125.01
1000279,Silvertown,2023-01-05,8.2,5.0,Terraced,166.0,372186.91
1000280,Poppleton,2023-01-05,5.3,4.0,Terraced,295.3,
1000281,Silvertown,2023-01-05,1.5,5.0,Terr.,128.7,319601.25
1000282,Silvertown,2023-01-05,9.8,4.0,Terraced,236.9,411999.82
1000283,Silvertown,2023-01-05,9.9,3.0,Semi-detached,,300656.56
1000284,Teasdale,2023-01-05,11.6,,Terr.,286.8,
1000285,Poppleton,2023-01-05,10.5,3.0,Detached,160.1,306492.4
1000286,Silvertown,2023-01-05,10.0,2.0,Detached,84.0,217104.58
1000287,Riverford,2023-01-05,8.8,6.0,Det.,,381974.33
1000288,Teasdale,,11.5,3.0,nan,252.4,397457.33
1000289,--,2023-01-05,10.5,1.0,Det.,220.1,345773.37
1000290,Silvertown,2023-01-05,10.6,,Semi-detached,,320273.54
1000291,Riverford,2023-01-05,3.8,4.0,Semi,276.5,461299.54
1000292,Riverford,2023-01-05,10.6,5.0,nan,213.4,416743.94
1000293,Poppleton,2023-01-05,1.5,1.0,Detached,193.5,
1000294,Riverford,2023-01-05,6.6,5.0,Det.,227.8,433725.19
1000295,Silvertown,2023-01-05,4.1,1.0,Detached,106.8,225521.66
1000296,Teasdale,2023-01-05,3.0,2.0,Semi-detached,249.4,381721.97
1000297,Teasdale,2023-01-05,,1.0,Semi-detached,153.3,283615.09
1000298,Silvertown,2023-01-05,,2.0,Semi,103.3,234504.27
1000299,Poppleton,2023-01-05,4.8,5.0,Semi,136.2,339482.41
1000300,Silvertown,2023-01-05,4.7,3.0,Terr.,119.8,288488.11
1000301,Riverford,2023-01-05,9.5,2.0,nan,78.9,210334.7
1000302,Riverford,2023-01-05,3.2,5.0,Semi-detached,72.0,284003.85
1000303,Teasdale,2023-01-05,8.5,4.0,Det.,230.2,
1000304,Riverford,2023-01-05,9.2,3.0,Detached,294.4,442821.34
1000305,Poppleton,2023-01-05,5.3,5.0,Terraced,127.7,328969.93
1000306,Teasdale,,7.5,4.0,Semi,103.3,293114.54
1000307,Teasdale,,3.2,3.0,Terraced,243.4,400329.48
1000308,Teasdale,2023-01-05,9.0,2.0,Det.,,288021.6
1000309,Teasdale,2023-01-05,,6.0,Semi,88.4,316709.14
1000310,Silvertown,2023-01-05,7.5,3.0,Terraced,216.0,
1000311,Riverford,2023-01-05,12.0,6.0,nan,221.2,
1000312,Poppleton,2023-01-05,4.1,6.0,Det.,273.1,493275.24
1000313,Silvertown,,,5.0,Detached,270.4,482402.07
1000314,Teasdale,2023-01-05,11.6,3.0,nan,140.0,289570.64
1000315,--,2023-01-05,10.1,3.0,Det.,241.0,411474.46
1000316,Silvertown,2023-01-05,6.1,5.0,Terr.,134.3,326014.17
1000317,Teasdale,2023-01-05,7.3,5.0,Semi,155.2,354032.6
1000318,Riverford,2023-01-05,10.2,5.0,Semi-detached,265.5,476184.15
1000319,Riverford,2023-01-05,3.9,1.0,Detached,158.9,273661.01
1000320,Silvertown,2023-01-05,10.4,4.0,nan,162.0,349088.5
1000321,Silvertown,2023-01-05,8.4,1.0,nan,104.8,221981.82
1000322,Teasdale,,5.3,1.0,Terraced,112.8,232590.25
1000323,Poppleton,2023-01-05,,1.0,Semi,185.5,
1000324,Teasdale,2023-01-05,3.4,3.0,Semi-detached,125.9,
1000325,Riverford,2023-01-05,3.6,2.0,Det.,250.1,396800.55
1000326,Silvertown,2023-01-05,,2.0,Semi-detached,295.3,425311.44
1000327,Teasdale,2023-01-05,,2.0,Semi,292.3,445329.97
1000328,Silvertown,2023-01-05,9.8,1.0,Semi,278.8,409489.02
1000329,Poppleton,2023-01-05,10.9,3.0,Terr.,132.7,285120.87
1000330,Poppleton,2023-01-05,1.2,1.0,Terr.,254.1,
1000331,Teasdale,2023-01-05,9.1,4.0,Semi-detached,226.2,409400.96
1000332,Poppleton,,9.7,,Det.,162.2,310703.37
1000333,Silvertown,2023-01-05,8.3,6.0,Semi-detached,70.0,295843.81
1000334,Teasdale,2023-01-05,7.4,6.0,Semi,89.9,312702.62
1000335,Riverford,,7.1,1.0,Semi,232.3,353297.23
1000336,Poppleton,2023-01-05,10.4,3.0,Terraced,,315783.37
1000337,Silvertown,,5.3,5.0,Terr.,,349924.36
1000338,Teasdale,2023-01-05,2.9,4.0,Terraced,275.6,441099.09
1000339,Poppleton,,1.2,6.0,Detached,60.6,287556.53
1000340,Silvertown,2023-01-05,4.6,4.0,Semi,127.4,303706.11
1000341,Riverford,2023-01-05,6.3,6.0,Terraced,,379659.26
1000342,Teasdale,2023-01-05,11.2,2.0,Semi-detached,75.4,223311.58
1000343,Riverford,2023-01-05,2.9,6.0,Terr.,287.8,503417.06
1000344,Silvertown,,3.8,6.0,Terr.,165.7,374850.97
1000345,Silvertown,2023-01-05,5.7,6.0,Det.,147.0,361241.44
1000346,Silvertown,2023-01-05,5.0,6.0,Semi-detached,221.7,443665.13
1000347,Poppleton,2023-01-05,4.2,,Det.,251.4,406702.86
1000348,Riverford,2023-01-05,8.6,5.0,Terraced,161.3,354484.86
1000349,Silvertown,2023-01-05,1.8,6.0,nan,221.7,445793.86
1000350,Riverford,,2.3,3.0,Detached,208.5,375645.22
1000351,Riverford,2023-01-05,11.5,1.0,Semi-detached,205.2,327579.95
1000352,Silvertown,,9.5,2.0,Semi-detached,128.8,267151.55
1000353,Riverford,2023-01-05,4.0,1.0,Semi-detached,117.0,226281.58
1000354,Riverford,2023-01-05,9.4,2.0,Det.,220.6,358291.54
1000355,Riverford,2023-01-05,6.5,2.0,Terraced,273.2,407335.38
1000356,Teasdale,,6.9,2.0,Semi-detached,95.6,237822.83
1000357,Silvertown,2023-01-05,6.3,6.0,nan,246.2,451847.81
1000358,Teasdale,2023-01-05,9.6,,Semi-detached,139.3,
1000359,Riverford,2023-01-05,2.0,1.0,Terr.,52.6,171318.53
1000360,Riverford,2023-01-05,9.9,6.0,Detached,239.9,459840.92
1000361,Teasdale,2023-01-05,3.8,,Terr.,62.7,228267.52
1000362,Riverford,2023-01-05,,2.0,Terr.,134.3,267826.8
1000363,Poppleton,2023-01-05,9.8,4.0,Detached,282.6,476208.25
1000364,Teasdale,2023-01-05,2.0,6.0,nan,136.8,360047.88
1000365,Riverford,2023-01-05,2.6,3.0,Terraced,221.6,375668.07
1000366,Poppleton,2023-01-05,10.0,,Terr.,160.0,312275.96
1000367,Teasdale,,6.3,4.0,Terraced,134.9,315469.63
1000368,Silvertown,2023-01-05,7.9,6.0,Terr.,61.0,272187.74
1000369,Silvertown,2023-01-05,,4.0,Semi,75.0,256093.04
1000370,Silvertown,,9.7,2.0,Detached,97.8,252717.24
1000371,Poppleton,2023-01-05,9.9,4.0,Terr.,198.7,381228.4
1000372,Teasdale,,5.4,3.0,Semi,,
1000373,Poppleton,2023-01-05,7.8,3.0,Det.,235.8,381096.29
1000374,Teasdale,2023-01-05,7.4,3.0,Semi,211.0,375886.44
1000375,Riverford,2023-01-05,11.7,4.0,Semi-detached,216.6,393434.95
1000376,Silvertown,,10.2,5.0,Terr.,62.0,
1000377,Teasdale,2023-01-05,9.6,3.0,Semi,122.0,270548.03
1000378,Riverford,2023-01-05,6.0,1.0,Terraced,104.1,210041.97
1000379,--,2023-01-05,5.1,6.0,Det.,230.3,464135.38
1000380,Silvertown,2023-01-05,1.4,4.0,nan,274.3,
1000381,Riverford,2023-01-05,7.3,5.0,Terr.,119.4,320986.31
1000382,Teasdale,,,1.0,Semi-detached,57.9,163442.35
1000383,Teasdale,2023-01-05,5.1,5.0,nan,61.4,254516.79
1000384,Riverford,2023-01-05,9.2,6.0,Semi,293.1,508857.08
1000385,Teasdale,2023-01-05,,1.0,nan,68.0,179643.19
1000386,Silvertown,2023-01-05,6.1,2.0,nan,203.4,344588.72
1000387,Teasdale,2023-01-05,2.1,6.0,Det.,105.3,336548.02
1000388,Teasdale,2023-01-05,9.4,4.0,nan,270.1,444996.4
1000389,Poppleton,2023-01-05,6.2,6.0,nan,93.6,323044.11
1000390,Poppleton,2023-01-05,7.1,5.0,Terr.,136.5,340065.63
1000391,Riverford,2023-01-05,2.3,2.0,Det.,277.3,410157.34
1000392,Silvertown,2023-01-05,9.6,1.0,Semi-detached,135.1,269945.3
1000393,--,2023-01-05,3.7,2.0,Semi,,287479.82
1000394,Riverford,2023-01-05,5.7,5.0,Det.,58.3,243737.07
1000395,Poppleton,2023-01-05,,2.0,Det.,171.7,310112.35
1000396,Silvertown,2023-01-05,11.3,2.0,Detached,53.3,178681.76
1000397,Teasdale,2023-01-05,12.0,6.0,Det.,,
1000398,Poppleton,2023-01-05,10.0,3.0,Detached,285.7,
1000399,Poppleton,2023-01-05,4.1,5.0,Semi,186.9,383611.32
1000400,Riverford,2023-01-05,11.8,3.0,nan,146.7,294754.68
1000401,Teasdale,2023-01-05,5.0,5.0,Terr.,115.7,324056.63
1000402,Riverford,2023-01-05,9.1,2.0,Terr.,273.9,404999.17
1000403,Silvertown,2023-01-05,1.3,3.0,Semi,175.2,348709.47
1000404,Teasdale,2023-01-05,3.0,2.0,Semi,81.3,209212.74
1000405,Teasdale,2023-01-05,2.5,5.0,Terraced,104.5,306460.0
1000406,Poppleton,2023-01-05,7.6,5.0,nan,262.1,476462.44
1000407,Riverford,2023-01-05,2.2,3.0,Semi,224.7,396616.08
1000408,Silvertown,2023-01-05,9.4,4.0,Det.,265.5,443964.77
1000409,Silvertown,2023-01-05,2.4,4.0,Terr.,,
1000410,Riverford,2023-01-05,7.4,4.0,Semi-detached,164.6,357019.42
1000411,Riverford,2023-01-05,1.5,4.0,Terr.,261.6,446208.83
1000412,Teasdale,2023-01-05,9.4,1.0,Detached,52.0,161859.86
1000413,Riverford,2023-01-05,11.0,3.0,Terr.,137.0,306109.38
1000414,Poppleton,2023-01-05,8.8,5.0,Terraced,,
1000415,--,2023-01-05,10.6,4.0,nan,296.3,467421.35
1000416,Teasdale,2023-01-05,11.0,6.0,Semi,82.5,308137.96
1000417,Poppleton,2023-01-05,2.1,4.0,nan,121.5,
1000418,Teasdale,2023-01-05,11.2,5.0,Semi,113.7,307568.79
1000419,Riverford,,10.7,2.0,Terr.,206.9,339461.95
1000420,Silvertown,,4.7,4.0,Semi-detached,193.2,386344.27
1000421,Riverford,2023-01-05,2.5,1.0,Semi-detached,104.7,217927.76
1000422,Riverford,2023-01-05,11.4,6.0,Terraced,132.8,350458.18
1000423,Poppleton,2023-01-05,,4.0,Detached,53.8,230826.08
1000424,Riverford,2023-01-05,1.5,4.0,Terr.,192.8,362745.04
1000425,Poppleton,2023-01-05,5.5,2.0,Semi,273.1,409434.89
1000426,Teasdale,2023-01-05,2.7,3.0,Terr.,61.6,210381.38
1000427,Silvertown,2023-01-05,10.8,5.0,Terraced,209.3,404625.79
1000428,--,2023-01-05,4.7,5.0,Det.,188.9,400067.28
1000429,Riverford,2023-01-05,11.1,2.0,Det.,113.3,266273.17
1000430,Riverford,2023-01-05,2.1,,Terraced,,300527.1
1000431,Teasdale,2023-01-05,6.2,1.0,Semi,79.2,187946.53
1000432,Silvertown,2023-01-05,2.4,3.0,nan,161.0,
1000433,Teasdale,2023-01-05,10.0,6.0,Terraced,204.1,437056.1
1000434,Riverford,2023-01-05,3.6,5.0,Semi,,343846.86
1000435,Riverford,2023-01-05,8.5,1.0,Semi-detached,133.6,246358.59
1000436,--,2023-01-05,7.3,3.0,Terraced,278.0,450023.0
1000437,Riverford,2023-01-05,10.3,4.0,Semi,269.1,442757.21
1000438,Silvertown,2023-01-05,3.6,6.0,Terraced,247.5,463670.96
1000439,Riverford,2023-01-05,7.7,5.0,Terraced,130.8,328912.2
1000440,Poppleton,2023-01-05,10.1,5.0,nan,96.5,306943.09
1000441,Silvertown,2023-01-05,2.5,6.0,nan,234.2,455231.33
1000442,Silvertown,2023-01-05,5.5,6.0,Semi,127.9,347572.97
1000443,Silvertown,2023-01-05,4.0,3.0,Semi,107.7,
1000444,Silvertown,2023-01-05,10.8,3.0,Detached,154.8,309790.51
1000445,Poppleton,2023-01-05,3.8,6.0,Terraced,94.8,302848.82
1000446,Teasdale,2023-01-05,1.0,1.0,Det.,,280855.58
1000447,Riverford,,7.5,1.0,Terraced,164.4,269499.73
1000448,Teasdale,2023-01-05,8.6,3.0,Terraced,96.6,245431.77
1000449,Riverford,2023-01-05,10.0,2.0,Semi,295.8,423542.14
1000450,--,2023-01-05,11.6,6.0,Terraced,223.7,456578.87
1000451,--,2023-01-05,8.8,5.0,Terr.,276.8,468904.86
1000452,Riverford,,3.7,5.0,Terraced,250.3,439595.59
1000453,Poppleton,2023-01-05,,4.0,Terr.,106.4,286239.6
1000454,Teasdale,,5.3,2.0,nan,51.5,184621.0
1000455,Riverford,2023-01-05,4.0,6.0,Det.,225.1,452045.19
1000456,Silvertown,2023-01-05,1.0,1.0,Semi,211.8,333470.55
1000457,Riverford,2023-01-05,2.2,,Terraced,215.1,369736.87
1000458,Teasdale,2023-01-05,5.5,5.0,Terr.,276.7,467128.34
1000459,--,2023-01-05,5.9,6.0,Terr.,81.1,291209.34
1000460,Teasdale,2023-01-05,8.1,6.0,nan,172.2,381398.29
1000461,Poppleton,2023-01-05,5.1,1.0,Terr.,,258042.09
1000462,Teasdale,2023-01-05,5.2,2.0,Semi-detached,73.6,213670.71
1000463,Poppleton,2023-01-05,4.0,6.0,Detached,78.0,301448.43
1000464,Teasdale,2023-01-05,10.4,5.0,Det.,183.9,370542.17
1000465,Riverford,2023-01-05,5.3,5.0,nan,187.7,388572.79
1000466,Riverford,,8.3,1.0,nan,270.2,386098.18
1000467,Poppleton,2023-01-05,3.7,4.0,Terraced,165.9,338649.79
1000468,Silvertown,2023-01-05,4.0,6.0,Semi-detached,91.9,304977.35
1000469,Poppleton,,,1.0,Terraced,145.4,261383.64
1000470,Silvertown,,,1.0,Terraced,227.2,355371.32
1000471,Riverford,2023-01-05,1.7,1.0,Semi,243.3,374515.35
1000472,Poppleton,2023-01-05,1.7,6.0,Semi,169.7,400295.25
1000473,Silvertown,2023-01-05,4.2,2.0,Semi,224.8,374798.0
1000474,Silvertown,2023-01-05,10.7,6.0,Semi-detached,66.8,275372.47
1000475,Riverford,2023-01-05,4.1,4.0,Terraced,202.2,388269.84
1000476,Poppleton,2023-01-05,1.2,6.0,Detached,277.2,495983.87
1000477,Silvertown,2023-01-05,6.8,1.0,Det.,93.1,223522.16
1000478,Poppleton,2023-01-05,4.8,6.0,Semi,132.9,338999.41
1000479,Silvertown,2023-01-05,5.9,1.0,Semi,266.6,386916.35
1000480,--,,4.0,4.0,nan,298.9,
1000481,--,2023-01-05,5.3,2.0,Terraced,230.6,371495.53
1000482,Riverford,,3.4,,Terraced,50.3,221515.41
1000483,Riverford,2023-01-05,1.2,1.0,Semi-detached,103.4,
1000484,Riverford,2023-01-05,6.3,6.0,Semi-detached,81.9,311664.95
1000485,Teasdale,2023-01-05,11.4,6.0,Semi,294.8,517826.26
1000486,Silvertown,2023-01-05,11.3,4.0,Terraced,286.4,479490.17
1000487,Silvertown,2023-01-05,8.9,2.0,Detached,72.2,212380.83
1000488,Silvertown,,8.6,6.0,Det.,296.9,526262.55
1000489,Riverford,,8.2,1.0,Terraced,232.8,348378.79
1000490,Silvertown,2023-01-05,9.2,2.0,nan,265.1,406399.15
1000491,Teasdale,2023-01-05,,3.0,Terraced,66.5,220057.23
1000492,--,2023-01-05,10.7,1.0,Terr.,289.1,399618.63
1000493,Riverford,2023-01-05,4.1,4.0,Semi-detached,227.6,402003.83
1000494,Riverford,2023-01-05,9.3,6.0,nan,218.3,444045.29
1000495,Riverford,,7.1,5.0,Det.,233.7,443651.97
1000496,Poppleton,2023-01-05,9.8,3.0,Semi,208.5,363323.13
1000497,Poppleton,2023-01-05,3.0,1.0,nan,119.2,248565.03
1000498,Poppleton,2023-01-05,6.8,5.0,Terraced,87.3,273800.08
1000499,--,2023-01-05,1.2,6.0,Semi,82.6,313504.31
1000500,Silvertown,,9.5,3.0,Terraced,139.8,305366.77
1000501,Poppleton,2023-01-05,4.8,5.0,Semi,223.9,417276.49
1000502,Teasdale,2023-01-05,3.1,2.0,Det.,143.2,270828.67
1000503,Silvertown,2023-01-05,8.9,3.0,Semi-detached,274.6,441869.2
1000504,--,2023-01-05,8.7,1.0,Det.,175.8,298574.7
1000505,Silvertown,2023-01-05,3.2,5.0,Terr.,271.6,484564.27
1000506,Teasdale,2023-01-05,10.3,3.0,Detached,149.0,300734.52
1000507,Silvertown,2023-01-05,7.2,3.0,Semi-detached,,299096.55
1000508,Riverford,2023-01-05,6.2,1.0,Det.,64.4,177108.58
1000509,Teasdale,,3.7,6.0,Terr.,198.7,427516.0
1000510,Riverford,2023-01-05,,2.0,Detached,160.0,312181.06
1000511,Riverford,2023-01-05,6.2,5.0,Terr.,149.5,
1000512,Riverford,2023-01-05,4.7,2.0,Terraced,202.8,345375.12
1000513,Poppleton,2023-01-05,11.5,5.0,Terraced,242.0,
1000514,Silvertown,2023-01-05,,1.0,Semi,212.9,
1000515,Riverford,2023-01-05,7.2,2.0,Semi-detached,72.4,
1000516,Poppleton,2023-01-05,5.5,1.0,Terraced,253.2,368408.53
1000517,Poppleton,2023-01-05,,2.0,nan,68.5,194008.86
1000518,Riverford,2023-01-05,6.9,3.0,Terr.,266.3,436279.81
1000519,Teasdale,2023-01-05,2.1,5.0,Semi-detached,,345211.42
1000520,Poppleton,2023-01-05,7.0,3.0,nan,195.5,
1000521,Poppleton,2023-01-05,3.4,2.0,Terraced,104.5,
1000522,Riverford,2023-01-05,5.1,1.0,Semi,57.3,182207.13
1000523,Silvertown,2023-01-05,,1.0,Det.,291.3,404924.7
1000524,Silvertown,2023-01-05,,2.0,Semi,119.0,255695.87
1000525,Silvertown,2023-01-05,2.3,,nan,148.0,308437.99
1000526,Riverford,2023-01-05,7.5,1.0,Detached,70.3,193877.6
1000527,Silvertown,2023-01-05,3.3,3.0,Terraced,284.7,454881.18
1000528,Teasdale,2023-01-05,3.6,4.0,nan,53.5,232234.64
1000529,Riverford,2023-01-05,9.9,4.0,Detached,151.5,321620.9
1000530,Silvertown,2023-01-05,6.9,2.0,Detached,292.2,428328.06
1000531,Poppleton,2023-01-05,9.4,1.0,Terr.,292.4,412108.35
1000532,Riverford,2023-01-05,,6.0,Semi-detached,288.5,510630.44
1000533,Silvertown,2023-01-05,7.0,4.0,Terr.,60.1,228892.55
1000534,Poppleton,2023-01-05,8.7,5.0,Terraced,148.5,336834.86
1000535,Silvertown,2023-01-05,,,Detached,192.6,342974.5
1000536,Teasdale,2023-01-05,10.0,2.0,nan,140.5,
1000537,Teasdale,2023-01-05,5.5,5.0,Det.,195.3,394182.82
1000538,Riverford,2023-01-05,2.0,1.0,Detached,245.8,370609.99
1000539,Poppleton,2023-01-05,11.2,3.0,nan,59.0,222936.0
1000540,Riverford,,5.7,2.0,Det.,147.9,
1000541,Riverford,2023-01-05,4.9,6.0,Terr.,126.5,347364.49
1000542,Silvertown,2023-01-05,8.7,1.0,Terr.,229.3,352553.08
1000543,Silvertown,2023-01-05,,6.0,Semi-detached,135.9,367861.41
1000544,Poppleton,2023-01-05,7.9,1.0,nan,201.1,333886.91
1000545,Riverford,2023-01-05,,1.0,Detached,97.4,218273.63
1000546,Riverford,2023-01-05,2.9,,Semi,146.3,299180.76
1000547,Riverford,2023-01-05,9.1,4.0,Terr.,258.5,426466.45
1000548,Riverford,2023-01-05,3.2,5.0,Terr.,292.2,504978.95
1000549,Silvertown,2023-01-05,2.5,6.0,Semi-detached,246.5,474316.48
1000550,Riverford,2023-01-05,8.3,4.0,Det.,279.9,474747.42
1000551,Teasdale,2023-01-05,2.5,3.0,Semi-detached,285.2,433344.33
1000552,Silvertown,2023-01-05,11.0,3.0,Detached,130.1,281629.13
1000553,Silvertown,,7.9,6.0,nan,75.4,
1000554,Silvertown,2023-01-05,4.3,3.0,Terraced,178.3,333551.57
1000555,Riverford,2023-01-05,2.7,4.0,Terraced,59.8,240891.28
1000556,Poppleton,2023-01-05,10.9,2.0,nan,287.3,429643.67
1000557,Silvertown,,1.1,1.0,Det.,221.8,356375.2
1000558,Silvertown,2023-01-05,6.9,3.0,Terr.,205.7,353093.59
1000559,Riverford,,10.8,1.0,Det.,209.9,324996.78
1000560,Teasdale,2023-01-05,9.4,5.0,Terr.,276.9,
1000561,Teasdale,2023-01-05,2.7,1.0,Terr.,214.5,341636.65
1000562,Riverford,2023-01-05,3.5,5.0,Terraced,145.1,357607.6
1000563,Teasdale,2023-01-05,3.9,2.0,Det.,189.9,336504.06
1000564,Teasdale,2023-01-05,7.1,,Semi-detached,271.8,421807.72
1000565,Poppleton,2023-01-05,11.4,4.0,Terr.,290.6,469640.31
1000566,Poppleton,2023-01-05,10.9,1.0,Semi,165.2,
1000567,Silvertown,2023-01-05,11.8,3.0,Semi,272.2,434008.22
1000568,Silvertown,2023-01-05,2.7,1.0,Semi-detached,141.2,258888.75
1000569,Silvertown,2023-01-05,6.9,4.0,Semi,111.4,301093.38
1000570,Riverford,2023-01-05,11.5,5.0,Detached,287.3,491140.12
1000571,--,2023-01-05,7.7,,Terr.,,317335.41
1000572,Riverford,2023-01-05,4.1,6.0,Semi-detached,69.4,275020.03
1000573,Silvertown,2023-01-05,3.4,4.0,Det.,141.5,335335.54
1000574,Teasdale,2023-01-05,9.5,5.0,Terr.,174.9,
1000575,Riverford,2023-01-05,,,Semi-detached,,304552.51
1000576,Silvertown,2023-01-05,5.1,3.0,Terraced,116.8,273636.91
1000577,Riverford,2023-01-05,11.2,4.0,Det.,244.6,413246.14
1000578,Riverford,2023-01-05,2.3,5.0,Terraced,222.5,431117.94
1000579,Teasdale,2023-01-05,10.9,,Terr.,174.8,
1000580,Silvertown,2023-01-05,8.7,2.0,Det.,150.3,301029.47
1000581,Silvertown,2023-01-05,2.2,6.0,Semi,230.1,452305.16
1000582,Riverford,2023-01-05,11.0,1.0,Semi-detached,230.4,339432.03
1000583,Silvertown,2023-01-05,9.1,3.0,Terr.,279.0,434486.85
1000584,Teasdale,2023-01-05,6.7,5.0,Detached,99.8,297597.76
1000585,Riverford,2023-01-05,3.5,4.0,Det.,159.1,344802.53
1000586,Riverford,2023-01-05,11.0,4.0,Det.,297.8,478850.34
1000587,Poppleton,2023-01-05,7.7,6.0,nan,146.7,366768.65
1000588,Teasdale,2023-01-05,3.7,1.0,Terr.,244.2,357702.21
1000589,Silvertown,2023-01-05,4.7,2.0,Terr.,251.7,
1000590,Riverford,2023-01-05,3.9,5.0,Terraced,276.5,467865.32
1000591,Teasdale,2023-01-05,2.5,4.0,nan,94.3,271313.83
1000592,Teasdale,2023-01-05,5.7,4.0,Semi,55.5,248479.99
1000593,Silvertown,2023-01-05,3.3,4.0,Terraced,52.0,232927.89
1000594,--,2023-01-05,3.4,,nan,259.7,427425.78
1000595,Riverford,2023-01-05,6.7,1.0,Terraced,285.0,403196.12
1000596,Silvertown,,1.8,6.0,Semi,253.7,469160.37
1000597,Silvertown,2023-01-05,7.0,2.0,nan,149.8,286828.3
1000598,Silvertown,2023-01-05,4.5,2.0,nan,246.6,382196.9
1000599,Poppleton,2023-01-05,4.0,4.0,Detached,145.3,312110.61
1000600,Silvertown,2023-01-05,1.3,4.0,Terraced,161.7,
1000601,Silvertown,,9.6,4.0,Terraced,280.7,455352.71
1000602,Poppleton,2023-01-05,8.6,1.0,Det.,,277538.27
1000603,Riverford,2023-01-05,9.0,1.0,Semi,119.0,226710.43
1000604,Silvertown,2023-01-05,2.8,2.0,Semi-detached,244.2,377956.96
1000605,Silvertown,2023-01-05,8.0,4.0,Detached,79.7,247278.45
1000606,Silvertown,,8.6,,nan,80.6,237175.02
1000607,Silvertown,2023-01-05,9.9,3.0,nan,63.2,225743.5
1000608,Teasdale,2023-01-05,10.8,4.0,nan,116.2,291912.05
1000609,Silvertown,2023-01-05,1.6,3.0,Detached,98.9,247370.7
1000610,Silvertown,2023-01-05,11.7,1.0,nan,89.4,201782.98
1000611,Teasdale,2023-01-05,,1.0,nan,79.1,202503.33
1000612,Teasdale,2023-01-05,4.9,5.0,Semi,271.5,481649.57
1000613,Riverford,2023-01-05,2.3,4.0,Terr.,252.4,431546.1
1000614,Riverford,2023-01-05,8.1,3.0,Terr.,153.2,299045.19
1000615,Riverford,2023-01-05,3.9,,Det.,164.5,327335.04
1000616,Riverford,2023-01-05,9.9,3.0,Det.,276.9,441404.71
1000617,Riverford,2023-01-05,7.3,5.0,nan,57.5,252793.46
1000618,Riverford,2023-01-05,6.4,5.0,Semi,232.7,423012.68
1000619,Poppleton,2023-01-05,1.8,6.0,nan,182.7,
1000620,Silvertown,2023-01-05,9.4,6.0,Det.,91.8,304492.74
1000621,Teasdale,2023-01-05,9.7,6.0,Detached,69.9,295388.73
1000622,Silvertown,2023-01-05,6.2,5.0,Detached,161.7,
1000623,Teasdale,2023-01-05,6.1,,Semi-detached,189.2,352903.56
1000624,Teasdale,2023-01-05,,6.0,Terr.,102.3,336066.99
1000625,Poppleton,2023-01-05,,2.0,Semi,214.5,366249.31
1000626,Silvertown,2023-01-05,10.7,,Terraced,94.1,265265.77
1000627,Riverford,2023-01-05,8.0,5.0,Terr.,176.4,370388.39
1000628,Riverford,2023-01-05,9.0,,Terraced,116.8,263085.61
1000629,Teasdale,2023-01-05,2.6,6.0,Semi-detached,272.6,481333.19
1000630,Riverford,2023-01-05,2.4,4.0,Semi-detached,78.1,259906.5
1000631,Riverford,2023-01-05,9.8,4.0,nan,291.2,
1000632,Riverford,2023-01-05,11.9,5.0,Det.,283.4,474819.8
1000633,Riverford,,1.5,6.0,Semi-detached,222.9,442498.19
1000634,Riverford,2023-01-05,2.9,1.0,Semi-detached,135.4,244429.63
1000635,Silvertown,,9.0,5.0,Terraced,86.9,298070.87
1000636,--,2023-01-05,1.4,1.0,Det.,165.7,278474.89
1000637,Teasdale,2023-01-05,5.5,4.0,Semi-detached,157.5,325981.78
1000638,--,2023-01-05,7.6,6.0,Terr.,151.7,363597.5
1000639,Silvertown,,6.1,4.0,Semi-detached,50.9,222242.44
1000640,Poppleton,2023-01-05,12.0,1.0,Det.,65.5,
1000641,Poppleton,2023-01-05,9.6,4.0,nan,281.3,470218.63
1000642,Teasdale,2023-01-05,10.4,1.0,Semi,139.3,256363.96
1000643,Teasdale,2023-01-05,2.4,5.0,Det.,159.8,370616.91
1000644,Riverford,2023-01-05,9.8,2.0,Terraced,56.1,199304.37
1000645,Poppleton,2023-01-05,10.5,3.0,Semi,131.4,303995.98
1000646,Riverford,2023-01-05,6.8,2.0,Terr.,296.0,426194.0
1000647,Silvertown,2023-01-05,11.1,5.0,Detached,,360745.89
1000648,Riverford,2023-01-05,3.9,5.0,Det.,171.0,371274.43
1000649,Poppleton,,11.6,5.0,nan,232.4,443535.06
1000650,Poppleton,2023-01-05,7.0,5.0,Terraced,96.6,292118.15
1000651,--,2023-01-05,10.7,1.0,Terr.,261.7,373813.88
1000652,Teasdale,2023-01-05,3.1,3.0,Semi,156.4,311259.54
1000653,Silvertown,,3.1,4.0,Terr.,106.7,285310.23
1000654,Silvertown,2023-01-05,5.4,6.0,Det.,247.9,456598.58
1000655,Silvertown,,8.4,2.0,Semi-detached,104.4,235296.38
1000656,Silvertown,2023-01-05,5.4,5.0,nan,251.5,449244.55
1000657,Riverford,2023-01-05,9.0,5.0,Det.,173.6,375398.52
1000658,Silvertown,2023-01-05,8.1,1.0,Detached,58.8,166969.75
1000659,Riverford,2023-01-05,4.4,1.0,Det.,144.5,274463.01
1000660,Poppleton,2023-01-05,1.2,6.0,Semi,227.3,453925.3
1000661,Riverford,2023-01-05,9.3,1.0,Semi,147.7,258792.85
1000662,Poppleton,2023-01-05,8.9,6.0,Det.,56.7,279419.43
1000663,Teasdale,2023-01-05,5.7,1.0,Semi,193.9,325934.38
1000664,Silvertown,2023-01-05,11.6,5.0,Semi-detached,171.2,362366.39
1000665,Riverford,2023-01-05,6.1,1.0,Terr.,82.0,206556.99
1000666,Silvertown,2023-01-05,,6.0,Det.,203.8,424159.08
1000667,Riverford,2023-01-05,11.4,5.0,nan,265.0,456433.47
1000668,Teasdale,,2.7,5.0,Semi-detached,277.4,476646.89
1000669,Silvertown,2023-01-05,5.1,5.0,Terr.,87.7,
1000670,Silvertown,2023-01-05,10.6,2.0,nan,253.7,385676.45
1000671,Riverford,2023-01-05,9.7,1.0,nan,204.0,
1000672,--,2023-01-05,5.1,1.0,nan,200.8,
1000673,Teasdale,,3.1,5.0,Terr.,121.8,335062.39
1000674,Teasdale,2023-01-05,10.5,5.0,Semi-detached,222.8,423179.53
1000675,Silvertown,2023-01-05,8.4,6.0,nan,245.4,462973.93
1000676,Teasdale,2023-01-05,4.4,1.0,nan,138.5,
1000677,Teasdale,2023-01-05,10.5,4.0,Terraced,155.8,332676.94
1000678,Teasdale,2023-01-05,11.6,3.0,Det.,137.5,306125.73
1000679,--,2023-01-05,11.1,2.0,Terr.,,302714.89
1000680,Riverford,2023-01-05,,4.0,Terr.,276.8,
1000681,Poppleton,2023-01-05,2.2,3.0,Semi,164.8,335670.69
1000682,Poppleton,2023-01-05,8.7,6.0,Terr.,147.3,354849.78
1000683,Silvertown,2023-01-05,10.1,5.0,Semi-detached,289.9,
1000684,Riverford,2023-01-05,9.0,5.0,Terr.,251.7,450206.31
1000685,--,2023-01-05,7.7,1.0,Terraced,100.0,213055.93
1000686,Silvertown,2023-01-05,8.4,1.0,Det.,,255590.41
1000687,Riverford,2023-01-05,4.2,3.0,Det.,,309842.44
1000688,--,2023-01-05,11.9,4.0,Terr.,149.1,335224.63
1000689,Riverford,2023-01-05,3.3,4.0,nan,261.3,
1000690,Silvertown,2023-01-05,11.7,2.0,Detached,188.4,321521.68
1000691,Riverford,2023-01-05,3.1,4.0,Detached,189.6,361805.94
1000692,Silvertown,2023-01-05,7.5,3.0,nan,290.5,437758.5
1000693,Riverford,2023-01-05,2.3,1.0,nan,290.9,417337.61
1000694,Silvertown,,9.9,6.0,nan,248.4,482042.54
1000695,Teasdale,2023-01-05,2.0,2.0,Semi-detached,280.8,410125.95
1000696,Riverford,2023-01-05,6.0,4.0,Detached,183.5,377063.54
1000697,Teasdale,2023-01-05,10.7,5.0,nan,150.6,
1000698,Teasdale,2023-01-05,1.5,2.0,Semi-detached,160.7,302440.63
1000699,Riverford,2023-01-05,3.7,4.0,Semi,86.3,262993.24
1000700,Teasdale,2023-01-05,8.5,5.0,Semi-detached,291.0,503999.05
1000701,Silvertown,2023-01-05,2.5,6.0,Detached,295.6,506099.97
1000702,Riverford,2023-01-05,12.0,5.0,Terr.,90.3,305055.67
1000703,Silvertown,,,6.0,Semi,54.2,283003.53
1000704,Poppleton,2023-01-05,1.4,4.0,Detached,201.9,367319.66
1000705,Silvertown,2023-01-05,1.9,1.0,Semi-detached,88.5,214316.92
1000706,Riverford,,9.4,5.0,Terraced,217.6,407771.74
1000707,Teasdale,,11.6,6.0,Det.,88.6,
1000708,Riverford,2023-01-05,2.0,1.0,Detached,297.7,421355.71
1000709,Silvertown,2023-01-05,10.4,4.0,nan,96.0,
1000710,Riverford,2023-01-05,8.9,4.0,Semi-detached,138.4,319175.21
1000711,Teasdale,2023-01-05,1.1,,nan,95.8,
1000712,Teasdale,2023-01-05,3.3,6.0,nan,298.2,504707.82
1000713,Riverford,2023-01-05,,4.0,nan,142.9,
1000714,Riverford,2023-01-05,7.4,6.0,nan,,368459.52
1000715,Riverford,,5.6,2.0,nan,258.3,384982.72
1000716,Teasdale,,10.2,4.0,Semi,230.5,418871.08
1000717,Riverford,2023-01-05,1.1,4.0,Detached,111.2,
1000718,Riverford,2023-01-05,4.7,6.0,Detached,78.7,307472.67
1000719,Silvertown,2023-01-05,6.5,4.0,Det.,149.2,338277.63
1000720,Silvertown,2023-01-05,10.1,6.0,Semi-detached,118.9,326002.35
1000721,Silvertown,2023-01-05,11.6,,Terraced,51.6,208878.1
1000722,Silvertown,2023-01-05,11.1,4.0,Semi,107.3,273235.32
1000723,Riverford,2023-01-05,8.5,3.0,Semi-detached,126.2,285473.88
1000724,Teasdale,2023-01-05,7.7,4.0,Semi,190.4,357197.97
1000725,Silvertown,2023-01-05,10.7,2.0,Detached,272.1,401196.84
1000726,Poppleton,2023-01-05,7.6,5.0,nan,243.7,445592.57
1000727,Silvertown,,10.6,3.0,Det.,215.3,
1000728,Teasdale,2023-01-05,7.3,3.0,Det.,121.7,273185.64
1000729,Teasdale,2023-01-05,4.2,4.0,Terr.,192.7,363385.2
1000730,Riverford,2023-01-05,6.8,,Terraced,214.2,378830.45
1000731,Silvertown,2023-01-05,1.3,1.0,Det.,128.5,236305.73
1000732,Teasdale,2023-01-05,12.0,2.0,nan,169.0,318389.91
1000733,Riverford,2023-01-05,10.0,3.0,Detached,112.9,280197.33
1000734,Poppleton,,3.4,2.0,Terraced,93.6,220867.12
1000735,Riverford,2023-01-05,2.6,4.0,Semi-detached,66.8,236076.05
1000736,Poppleton,2023-01-05,4.0,5.0,nan,294.3,503427.95
1000737,Silvertown,2023-01-05,1.8,5.0,nan,69.4,280504.16
1000738,Teasdale,2023-01-05,1.4,2.0,Det.,218.3,351679.83
1000739,Teasdale,2023-01-05,9.0,4.0,Terraced,117.9,286256.24
1000740,Teasdale,2023-01-05,6.9,5.0,Detached,217.6,419684.38
1000741,Silvertown,2023-01-05,1.5,1.0,Terr.,144.0,278784.3
1000742,Teasdale,2023-01-05,1.2,2.0,Semi,197.7,
1000743,Riverford,2023-01-05,3.6,4.0,Semi,174.2,352843.64
1000744,Teasdale,2023-01-05,5.7,5.0,Detached,65.0,262211.87
1000745,Riverford,2023-01-05,9.2,5.0,Detached,252.8,442140.99
1000746,Poppleton,2023-01-05,2.1,1.0,Semi,,264046.03
1000747,Silvertown,2023-01-05,5.7,1.0,Terr.,294.1,427020.21
1000748,Poppleton,2023-01-05,11.3,1.0,Terraced,67.8,183616.38
1000749,Poppleton,2023-01-05,10.6,1.0,Semi,174.0,
1000750,Poppleton,2023-01-05,10.7,6.0,Detached,215.4,424722.12
1000751,Riverford,,5.4,6.0,Det.,68.3,300641.08
1000752,Riverford,2023-01-05,10.0,5.0,Semi-detached,110.9,298368.46
1000753,--,2023-01-05,5.2,2.0,Terr.,276.5,428915.87
1000754,Silvertown,2023-01-05,1.8,2.0,nan,165.7,291210.53
1000755,Riverford,2023-01-05,3.3,1.0,Terr.,163.5,290757.23
1000756,Teasdale,2023-01-05,9.4,4.0,Det.,,340277.1
1000757,Teasdale,2023-01-05,4.7,1.0,Det.,168.6,284874.83
1000758,Silvertown,,5.7,2.0,nan,156.6,
1000759,Teasdale,2023-01-05,5.8,,Detached,107.8,265419.99
1000760,Poppleton,2023-01-05,7.9,5.0,Semi,296.3,490774.19
1000761,Silvertown,2023-01-05,9.4,4.0,Terraced,159.5,328416.5
1000762,Poppleton,2023-01-05,2.6,6.0,Terr.,241.2,465746.37
1000763,Silvertown,2023-01-05,6.8,,nan,134.8,288803.24
1000764,Riverford,2023-01-05,9.2,3.0,Terr.,182.6,356715.34
1000765,Silvertown,2023-01-05,,4.0,Det.,212.2,385310.45
1000766,Silvertown,2023-01-05,10.9,1.0,Semi,109.3,235061.25
1000767,Poppleton,,,4.0,Terr.,102.0,277522.67
1000768,Riverford,2023-01-05,5.9,1.0,Terraced,192.9,301842.4
1000769,Riverford,2023-01-05,4.3,6.0,Det.,223.2,448222.45
1000770,Silvertown,2023-01-05,8.3,1.0,Terraced,200.7,333604.23
1000771,Riverford,2023-01-05,10.8,4.0,Semi,145.6,335847.81
1000772,Riverford,2023-01-05,1.5,1.0,Terr.,57.7,175596.01
1000773,Riverford,2023-01-05,5.1,6.0,Semi-detached,231.3,466101.03
1000774,Riverford,2023-01-05,1.6,6.0,Terr.,133.7,360675.2
1000775,Poppleton,2023-01-05,6.0,5.0,Semi,86.2,297746.88
1000776,Riverford,2023-01-05,7.7,3.0,Terr.,196.5,358180.08
1000777,Riverford,2023-01-05,,5.0,nan,55.9,268149.03
1000778,Silvertown,2023-01-05,7.2,6.0,Terr.,251.9,469539.03
1000779,Teasdale,2023-01-05,9.8,,Detached,120.7,277081.08
1000780,Riverford,2023-01-05,3.0,6.0,Terr.,249.9,
1000781,Riverford,2023-01-05,,,Terr.,51.7,
1000782,Silvertown,2023-01-05,11.9,5.0,Terraced,,344358.85
1000783,--,2023-01-05,2.8,3.0,Semi-detached,292.0,452335.16
1000784,Silvertown,2023-01-05,8.8,3.0,Terraced,126.5,296125.93
1000785,Teasdale,2023-01-05,7.9,1.0,Terraced,240.6,348257.12
1000786,Riverford,,7.3,3.0,Det.,124.4,286556.61
1000787,Silvertown,2023-01-05,9.6,4.0,Detached,162.5,346091.34
1000788,Teasdale,2023-01-05,7.1,3.0,Terraced,285.2,432772.62
1000789,Riverford,2023-01-05,7.6,5.0,nan,100.3,286810.56
1000790,Poppleton,2023-01-05,8.5,5.0,Semi,156.7,363482.99
1000791,Poppleton,2023-01-05,6.0,2.0,nan,114.2,263916.39
1000792,Poppleton,2023-01-05,4.3,5.0,Semi,55.8,270034.56
1000793,Silvertown,,5.0,5.0,Terr.,128.7,342558.43
1000794,Teasdale,2023-01-05,11.5,3.0,Det.,99.8,269808.17
1000795,Riverford,2023-01-05,4.6,4.0,Detached,146.5,340889.42
1000796,Poppleton,2023-01-05,1.2,6.0,nan,156.7,369770.47
1000797,Teasdale,2023-01-05,4.4,1.0,Detached,166.1,284571.42
1000798,Poppleton,2023-01-05,11.7,5.0,nan,270.7,470825.09
1000799,Riverford,2023-01-05,2.9,3.0,Terr.,139.5,301722.53
